old_path,new_path
/2026/08/03/national-weekend-october-9th-to-11th/,/event/national-weekend-october-9th-to-11th/
/2026/07/17/bill-english-memorial-trip-to-amsterdam/,/event/bill-english-memorial-trip-to-amsterdam/
/2026/04/02/woodfest-vi-information/,/event/woodfest-vi-information/
/2026/03/31/ex-pih-editors-roger-jacobson-macclesfield-meander/,/event/ex-pih-editors-roger-jacobson-macclesfield-meander/
/2026/03/09/bill-english-dfeb-to-amsterdam-july-3rd-5th/,/event/bill-english-dfeb-to-amsterdam-july-3rd-5th/
/2026/03/08/york-wood-crawl-march-2026/,/event/york-wood-crawl-march-2026/
/2026/03/04/richard-graham-annual-memorial-dinner/,/event/richard-graham-annual-memorial-dinner/
/2026/02/18/york-wooden-cask-crawl/,/event/york-wooden-cask-crawl/
/2026/02/03/auto-draft/,/event/auto-draft/
/2026/01/24/mike-hall-memorial-event-19th-january/,/event/mike-hall-memorial-event-19th-january/
/2026/01/18/6th-bill-english-dfeb-memorial-event-july-2026/,/event/6th-bill-english-dfeb-memorial-event-july-2026/
/2026/01/17/emmas-birthday-bash-10th-january-2026/,/event/emmas-birthday-bash-10th-january-2026/
/2026/01/13/annual-beer-curry-february-8th/,/event/annual-beer-curry-february-8th/
/2026/01/06/mike-hall-ex-nat-chair-annual-memorial-walk-19th-january/,/event/mike-hall-ex-nat-chair-annual-memorial-walk-19th-january/
/2025/12/09/62nd-anniversary-december-2025/,/event/62nd-anniversary-december-2025/
/2021/01/09/first-launch-of-beer-from-the-wood-event-at-the-evening-star-brighton-saturday-31st-october-2020/,/event/first-launch-of-beer-from-the-wood-event-at-the-evening-star-brighton-saturday-31st-october-2020/
/2021/01/09/spbw-57th-anniversary-event-sunday-6th-december-2020/,/event/spbw-57th-anniversary-event-sunday-6th-december-2020/
/2021/01/11/bill-english-informal-bench-dedication/,/event/bill-english-informal-bench-dedication/
/2021/02/08/agm-2021/,/event/agm-2021/
/2021/03/08/nec-48th-agm-synopsis-for-meeting-held-6th-march-2021/,/event/nec-48th-agm-synopsis-for-meeting-held-6th-march-2021/
/2021/05/07/beer-from-the-wood-available-soon/,/event/beer-from-the-wood-available-soon/
/2021/08/14/tony-littler-trophy-quiz-20th-september-2021/,/event/tony-littler-trophy-quiz-20th-september-2021/
/2021/10/12/spbw-58th-anniversary-event/,/event/spbw-58th-anniversary-event/
/2021/10/20/datchet-beer-festival-with-wood-casks-friday-29th-and-saturday-30th-october-2021/,/event/datchet-beer-festival-with-wood-casks-friday-29th-and-saturday-30th-october-2021/
/2022/01/17/common-and-aldbrickham-branch-will-hold-its-first-founders-day-outing-aka-pete-smith-memorial-pub-crawl-on-saturday-19th-february/,/event/common-and-aldbrickham-branch-will-hold-its-first-founders-day-outing-aka-pete-smith-memorial-pub-crawl-on-saturday-19th-february/
/2022/01/26/spbw-nec-agm-2022/,/event/spbw-nec-agm-2022/
/2022/01/28/beer-curry-sunday-27th-february-2022/,/event/beer-curry-sunday-27th-february-2022/
/2022/02/09/woodfest-2022/,/event/woodfest-2022/
/2022/04/03/woodfest-2022-wf3/,/event/woodfest-2022-wf3/
/2022/06/11/spbw-pre-camra-gbbf-buffet-monday-1st-august-2022/,/event/spbw-pre-camra-gbbf-buffet-monday-1st-august-2022/
/2022/06/22/2nd-fdeb-full-double-english-breakfast-memorial-event/,/event/2nd-fdeb-full-double-english-breakfast-memorial-event/
/2022/07/04/colaps-branch-in-conjunction-with-southport-west-lancs-camra-are-running-a-trip-to-pubs-in-ormskirk-and-all-are-welcome/,/event/colaps-branch-in-conjunction-with-southport-west-lancs-camra-are-running-a-trip-to-pubs-in-ormskirk-and-all-are-welcome/
/2022/07/16/calderdale-beer-cider-festival-2022-twenty-beers-in-the-wood/,/event/calderdale-beer-cider-festival-2022-twenty-beers-in-the-wood/
/2022/07/26/national-weekend-east-sussex-23-25th-september-2022/,/event/national-weekend-east-sussex-23-25th-september-2022/
/2022/07/26/tony-littler-trophy-quiz/,/event/tony-littler-trophy-quiz/
/2022/08/27/tony-littler-trophy-quiz-2/,/event/tony-littler-trophy-quiz-2/
/2022/09/17/spbw-59th-anniversary-event-sunday-4th-december/,/event/spbw-59th-anniversary-event-sunday-4th-december/
/2022/10/09/norwich-beer-festival-24-to-29-october-at-st-andrews-blackfriars-halls/,/event/norwich-beer-festival-24-to-29-october-at-st-andrews-blackfriars-halls/
/2023/01/14/campden-hill-branch-event-wednesday-15th-february-2023/,/event/campden-hill-branch-event-wednesday-15th-february-2023/
/2023/01/21/spbw-annual-general-meeting-25th-march-2023/,/event/spbw-annual-general-meeting-25th-march-2023/
/2023/01/30/agm-25th-march-2023/,/event/agm-25th-march-2023/
/2023/01/30/beer-curry-sunday-12th-march/,/event/beer-curry-sunday-12th-march/
/2023/02/01/woodfest-2023/,/event/woodfest-2023/
/2023/02/25/spbw-60-th-anniversary-gathering-advise-us-what-date-is-preferred/,/event/spbw-60-th-anniversary-gathering-advise-us-what-date-is-preferred/
/2023/03/19/spbw-derby-day/,/event/spbw-derby-day/
/2023/06/19/spbw-60th-anniversary-celebration/,/event/spbw-60th-anniversary-celebration/
/2023/09/23/spbw-60th-anniversary-buffet-booking-december-2023/,/event/spbw-60th-anniversary-buffet-booking-december-2023/
/2023/11/13/60th-anniversary-event/,/event/60th-anniversary-event/
/2024/02/13/saturday-17th-february-2024/,/event/saturday-17th-february-2024/
/2024/03/09/spbw-agm/,/event/spbw-agm/
/2024/04/28/greater-manchester-branch/,/event/greater-manchester-branch/
/2024/04/28/marlow-rbl-club-springfest-beer-festival/,/event/marlow-rbl-club-springfest-beer-festival/
/2024/04/28/greater-manchester-branch-social/,/event/greater-manchester-branch-social/
/2024/05/03/cobra-cow-branch-day-trip-10th-may/,/event/cobra-cow-branch-day-trip-10th-may/
/2024/05/18/the-richard-graham-ex-nec-chair-treasurer-memorial-dinner/,/event/the-richard-graham-ex-nec-chair-treasurer-memorial-dinner/
/2024/06/02/greater-manchester-branch-social-2/,/event/greater-manchester-branch-social-2/
/2024/06/11/mini-woodfest/,/event/mini-woodfest/
/2024/06/18/greater-manchester-spbw-branch-social/,/event/greater-manchester-spbw-branch-social/
/2024/06/18/nightjar-brew-cos-mid-summer-beer-festival/,/event/nightjar-brew-cos-mid-summer-beer-festival/
/2024/07/31/manchester-social/,/event/manchester-social/
/2024/08/11/greater-manchester-s-p-b-w-branch-social/,/event/greater-manchester-s-p-b-w-branch-social/
/2024/08/21/greater-manchester-branch-agm/,/event/greater-manchester-branch-agm/
/2024/09/13/spbw-anniversary-buffet/,/event/spbw-anniversary-buffet/
/2024/09/17/beer-from-the-wood-in-chiselhust/,/event/beer-from-the-wood-in-chiselhust/
/2024/09/26/greater-manchester-branch-social-3/,/event/greater-manchester-branch-social-3/
/2024/10/24/campden-hill-branch-st-martin-of-tours-feast-meal/,/event/campden-hill-branch-st-martin-of-tours-feast-meal/
/2024/10/24/greater-manchester-spbw-branch-meeting-and-social/,/event/greater-manchester-spbw-branch-meeting-and-social/
/2024/11/15/greater-manchester-branch-christmas-social/,/event/greater-manchester-branch-christmas-social/
/2025/01/21/fullers-admiralty-pub-beer-festival/,/event/fullers-admiralty-pub-beer-festival/
/2025/01/29/greater-manchester-s-p-b-w-branch-social-2/,/event/greater-manchester-s-p-b-w-branch-social-2/
/2025/03/01/greater-manchester-spbw-branch-social-2/,/event/greater-manchester-spbw-branch-social-2/
/2025/03/13/greater-manchester-spbw-branch-meeting/,/event/greater-manchester-spbw-branch-meeting/
/2025/04/15/greater-manchester-spbw-branch-social-3/,/event/greater-manchester-spbw-branch-social-3/
/2025/04/29/greater-manchester-spbw-branch-social-4/,/event/greater-manchester-spbw-branch-social-4/
/2025/05/23/greater-manchester-spbw-social/,/event/greater-manchester-spbw-social/
/2025/06/27/dfeb-5th-memorial-crawl-chester-5th-july-2025/,/event/dfeb-5th-memorial-crawl-chester-5th-july-2025/
/2025/06/27/greater-manchester-branch-social-4/,/event/greater-manchester-branch-social-4/
/events/,/events/
/upcoming-events/,/events/
/archived-events-and-meetings/,/events/
/bftw-pub-events/,/events/
