post_id,date,title,add_categories,add_tags,edit_url
2032,2021-07-18,"MANCHESTER BRANCH If you were in the Manchester area, Wednesday 21st July you should have headed to  The Angel!",Branch News,Greater Manchester,https://www.spbw.beer/wp-admin/post.php?post=2032&action=edit
2046,2021-07-18,Welcome to our only Argentina Branch,Branch News,,https://www.spbw.beer/wp-admin/post.php?post=2046&action=edit
2092,2021-09-30,Inaugural meeting of the Glamorgan and Gwent Branch,Branch News,,https://www.spbw.beer/wp-admin/post.php?post=2092&action=edit
2146,2021-11-21,COBRA-COW VISIT TO IGHTHAM BRANCH - THURSDAY 25/11/21,Branch News,COBRA-COW,https://www.spbw.beer/wp-admin/post.php?post=2146&action=edit
1180,2020-01-26,BFTW at 'Ye Olde Mitre' on regular basis POSTPONED,Event,Beer from the Wood,https://www.spbw.beer/wp-admin/post.php?post=1180&action=edit
1625,2021-01-09,"FIRST LAUNCH OF BEER FROM THE WOOD EVENT AT THE EVENING STAR, BRIGHTON - Saturday 31st October 2020",Event,Beer from the Wood,https://www.spbw.beer/wp-admin/post.php?post=1625&action=edit
1634,2021-01-09,SPBW 57TH ANNIVERSARY EVENT - Sunday 6TH December 2020,Event,Anniversary,https://www.spbw.beer/wp-admin/post.php?post=1634&action=edit
1795,2021-01-11,BILL ENGLISH INFORMAL BENCH DEDICATION - Saturday 10th October 2020,Event,Bill English,https://www.spbw.beer/wp-admin/post.php?post=1795&action=edit
1916,2021-02-08,AGM 2021,Event,AGM,https://www.spbw.beer/wp-admin/post.php?post=1916&action=edit
1940,2021-03-08,NEC 48TH AGM SYNOPSIS FOR MEETING HELD 6th March 2021,Event,AGM,https://www.spbw.beer/wp-admin/post.php?post=1940&action=edit
1996,2021-05-07,BEER FROM THE WOOD WAS AVAILABLE!,Event,Beer from the Wood,https://www.spbw.beer/wp-admin/post.php?post=1996&action=edit
2069,2021-08-14,Tony Littler Trophy Quiz - 20th September 2021,Event,Quiz,https://www.spbw.beer/wp-admin/post.php?post=2069&action=edit
2104,2021-10-12,SPBW 58TH Anniversary Event,Event,Anniversary,https://www.spbw.beer/wp-admin/post.php?post=2104&action=edit
2111,2021-10-20,DATCHET BEER FESTIVAL WITH WOOD CASKS -  WAS HELD FRIDAY 29TH AND SATURDAY 30TH OCTOBER 2021,Event,Beer Festival,https://www.spbw.beer/wp-admin/post.php?post=2111&action=edit
2170,2022-01-15,SPBW ANNUAL EAST LONDON BEER AND CURRY,Event,Beer and Curry,https://www.spbw.beer/wp-admin/post.php?post=2170&action=edit
4537,2025-12-09,62nd Anniversary December 2025,Event,Anniversary,https://www.spbw.beer/wp-admin/post.php?post=4537&action=edit
4643,2026-01-06,Mike Hall (Ex Nat. Chair) Annual Memorial Walk - 19th January,Event,Memorial; Walk,https://www.spbw.beer/wp-admin/post.php?post=4643&action=edit
4664,2026-01-13,Annual Beer & Curry February 8th,Event,Beer and Curry,https://www.spbw.beer/wp-admin/post.php?post=4664&action=edit
4672,2026-01-13,Patrick Deller/Dave Hewson Memorial Walk,Event,Memorial; Walk,https://www.spbw.beer/wp-admin/post.php?post=4672&action=edit
4682,2026-01-17,Emma's Birthday Bash - 10th January 2026,Event,,https://www.spbw.beer/wp-admin/post.php?post=4682&action=edit
4690,2026-01-18,6th Bill English (DFEB) Memorial Event - July 2026,Event,Memorial; Bill English,https://www.spbw.beer/wp-admin/post.php?post=4690&action=edit
4711,2026-01-24,Mike Hall Memorial Event - 19th January,Event,Memorial,https://www.spbw.beer/wp-admin/post.php?post=4711&action=edit
4808,2026-02-18,York Wooden Cask Crawl,Event,Walk,https://www.spbw.beer/wp-admin/post.php?post=4808&action=edit
4829,2026-03-04,Richard Graham Annual Memorial Dinner,Event,Memorial,https://www.spbw.beer/wp-admin/post.php?post=4829&action=edit
4847,2026-03-08,York Wood Crawl - March 2026,Event,Walk,https://www.spbw.beer/wp-admin/post.php?post=4847&action=edit
4859,2026-03-09,BIll English DFEB to Amsterdam July 3rd-5th,Event,Memorial; Bill English,https://www.spbw.beer/wp-admin/post.php?post=4859&action=edit
4902,2026-03-31,Ex PIH Editor's (Roger Jacobson) Macclesfield Meander,Event,Walk,https://www.spbw.beer/wp-admin/post.php?post=4902&action=edit
5273,2026-07-15,Upcoming Events Update,Event,,https://www.spbw.beer/wp-admin/post.php?post=5273&action=edit
5326,2026-07-17,Bill English Memorial Trip to Amsterdam,Event,Memorial; Bill English,https://www.spbw.beer/wp-admin/post.php?post=5326&action=edit
5378,2026-07-30,Patrick Deller-Dave Hewson Memorial Event,Event,Memorial,https://www.spbw.beer/wp-admin/post.php?post=5378&action=edit
5400,2026-08-03,National Weekend - October 9th to 11th,Event,National Weekend,https://www.spbw.beer/wp-admin/post.php?post=5400&action=edit
2177,2022-01-17,Common and Aldbrickham branch will hold its first Founders Day outing aka Pete Smith Memorial Pub Crawl on Saturday 19th February.,Event; Branch News,Memorial; Walk,https://www.spbw.beer/wp-admin/post.php?post=2177&action=edit
3659,2025-03-13,Greater Manchester SPBW Branch Meeting,Event; Branch News,Greater Manchester,https://www.spbw.beer/wp-admin/post.php?post=3659&action=edit
4586,2025-12-16,Cobra-Cow 10th Anniversary,Event; Branch News,COBRA-COW; Anniversary,https://www.spbw.beer/wp-admin/post.php?post=4586&action=edit
5511,2026-09-17,Tony Littler Quiz & Phoenix Brewery Presentation Photos now on page 3 of the 'Photo Gallery',Event; Pictures,Quiz,https://www.spbw.beer/wp-admin/post.php?post=5511&action=edit
4761,2026-02-03,Products can be collected at the National AGM on 21st March 2026,Event; Shop,AGM,https://www.spbw.beer/wp-admin/post.php?post=4761&action=edit
1557,2020-09-11,WOODFEST 2021 (WF3) CANCELLED,Event; Woodfest,Woodfest,https://www.spbw.beer/wp-admin/post.php?post=1557&action=edit
4914,2026-04-02,Woodfest VI Information,Event; Woodfest,Woodfest,https://www.spbw.beer/wp-admin/post.php?post=4914&action=edit
4978,2026-04-25,Photo Gallery Update April 2026,Pictures,,https://www.spbw.beer/wp-admin/post.php?post=4978&action=edit
1885,2021-02-03,Online shop and Join now live,Shop,,https://www.spbw.beer/wp-admin/post.php?post=1885&action=edit
2141,2021-11-09,New polo shirts now in stock,Shop,Polo Shirts,https://www.spbw.beer/wp-admin/post.php?post=2141&action=edit
3588,2025-02-10,SPBW Products - Collect in person,Shop,,https://www.spbw.beer/wp-admin/post.php?post=3588&action=edit
408,2018-06-04,The Junction at Castleford on the Beer Bucket List,Society News,,https://www.spbw.beer/wp-admin/post.php?post=408&action=edit
414,2018-06-04,Massive Expansion in Beers Being Available in Wooden Casks,Society News,,https://www.spbw.beer/wp-admin/post.php?post=414&action=edit
416,2018-06-04,Beers From The Wood and Logfire Pizzas,Society News,Beer from the Wood,https://www.spbw.beer/wp-admin/post.php?post=416&action=edit
467,2018-07-05,CHAMPION BEER OF BRITAIN IN THE WOOD 2018.,Society News,,https://www.spbw.beer/wp-admin/post.php?post=467&action=edit
4484,2025-11-28,Website Revamped,Society News,,https://www.spbw.beer/wp-admin/post.php?post=4484&action=edit
4593,2025-12-17,Society History,Society News,,https://www.spbw.beer/wp-admin/post.php?post=4593&action=edit
4609,2025-12-25,Seasonal Greetings,Society News,,https://www.spbw.beer/wp-admin/post.php?post=4609&action=edit
5017,2026-04-29,Woodfest VI Beer List,Woodfest,Woodfest,https://www.spbw.beer/wp-admin/post.php?post=5017&action=edit
5072,2026-05-28,Woodfest VI WBOB (Woodfest Beer of Britain),Woodfest,Woodfest,https://www.spbw.beer/wp-admin/post.php?post=5072&action=edit
5216,2026-06-28,Woodfest 6 VoTY (Volunteer of The Year),Woodfest,Woodfest,https://www.spbw.beer/wp-admin/post.php?post=5216&action=edit
5101,2026-05-29,Woodfest 6 Photos in 'Photo Gallery,Woodfest; Pictures,Woodfest,https://www.spbw.beer/wp-admin/post.php?post=5101&action=edit
